{
  "landmarks": {
    "spider_spawner": [
      {
        "name": "spider_spawner",
        "coordinates": {
          "x": 1119,
          "y": 0,
          "z": 1095
        },
        "metadata": {
          "description": "NAI",
          "timestamp": "2024-08-02T09:44:16.339Z"
        }
      },
      {
        "name": "spider_spawner",
        "coordinates": {
          "x": 1117,
          "y": -1,
          "z": 1139
        },
        "metadata": {
          "description": "NAI",
          "timestamp": "2024-08-02T09:44:44.338Z"
        }
      },
      {
        "name": "spider_spawner",
        "coordinates": {
          "x": 1147,
          "y": -1,
          "z": 1121
        },
        "metadata": {
          "description": "NAI",
          "timestamp": "2024-08-02T09:45:36.481Z"
        }
      },
      {
        "name": "spider_spawner",
        "coordinates": {
          "x": 1175,
          "y": 9,
          "z": 1154
        },
        "metadata": {
          "description": "NAI",
          "timestamp": "2024-08-02T09:46:30.881Z"
        }
      },
      {
        "name": "spider_spawner",
        "coordinates": {
          "x": 1163,
          "y": 10,
          "z": 1196
        },
        "metadata": {
          "description": "NAI",
          "timestamp": "2024-08-02T09:47:00.284Z"
        }
      },
      {
        "name": "spider_spawner",
        "coordinates": {
          "x": 1234,
          "y": 14,
          "z": 1203
        },
        "metadata": {
          "description": "NAI",
          "timestamp": "2024-08-02T09:48:23.868Z"
        }
      },
      {
        "name": "spider_spawner",
        "coordinates": {
          "x": 1201,
          "y": -21,
          "z": 1273
        },
        "metadata": {
          "description": "NAI",
          "timestamp": "2024-08-02T09:49:36.661Z"
        }
      },
      {
        "name": "zombie_spawner",
        "coordinates": {
          "x": 1205,
          "y": -40,
          "z": 1290
        },
        "metadata": {
          "description": "NAI",
          "timestamp": "2024-08-02T09:50:09.656Z"
        }
      },
      {
        "name": "spider_spawner",
        "coordinates": {
          "x": 1194,
          "y": -25,
          "z": 1230
        },
        "metadata": {
          "description": "NAI",
          "timestamp": "2024-08-02T09:51:46.077Z"
        }
      },
      {
        "name": "spider_spawner",
        "coordinates": {
          "x": 1,
          "y": 1,
          "z": 1
        },
        "metadata": {
          "description": "l",
          "timestamp": "2024-08-04T15:48:16.904Z",
          "user": "livelybaden8407"
        }
      }
    ],
    "skeleton_spawner": [
      {
        "name": "skeleton_spawner",
        "coordinates": {
          "x": 1204,
          "y": 11,
          "z": 1179
        },
        "metadata": {
          "description": "NAI",
          "timestamp": "2024-08-02T09:47:31.561Z"
        }
      }
    ],
    "amethyst_geode": [
      {
        "name": "amethyst_geode",
        "coordinates": {
          "x": 1365,
          "y": -8,
          "z": 1190
        },
        "metadata": {
          "description": "NAI",
          "timestamp": "2024-08-02T09:49:00.713Z"
        }
      }
    ],
    "jungle_pyramid": [
      {
        "name": "jungle_pyramid",
        "coordinates": {
          "x": 212,
          "y": 1231,
          "z": 123
        },
        "metadata": {
          "description": "Test Landmark",
          "timestamp": "2024-08-02T21:55:01.926Z",
          "user": "bytecodex"
        }
      }
    ]
  }
}