{
  "mcuser": {
    "1203471614621253663": {
      "name": "Dylan",
      "id": "ebcf51cc-91c1-4edd-80e4-8a7655e5f092",
      "discordId": "1203471614621253663",
      "pfplink": "https://cdn.discordapp.com/avatars/1267912619478483026/36c100f3f978aa5c6d752da207a28d89.png",
      "coordinates": {
        "x": 809,
        "y": 192,
        "z": 392
      },
      "biome": "Forest",
      "inventory": {
        "cobblestone": {
          "name": "Cobblestone",
          "blockid": "cobblestone",
          "amount": 206
        },
        "andesite": {
          "name": "Andesite",
          "blockid": "andesite",
          "amount": 46
        },
        "granite": {
          "name": "Granite",
          "blockid": "granite",
          "amount": 55
        },
        "diorite": {
          "name": "Diorite",
          "blockid": "diorite",
          "amount": 96
        },
        "deepslate": {
          "name": "Deepslate",
          "blockid": "deepslate",
          "amount": 37
        },
        "diamond": {
          "name": "Diamond",
          "blockid": "diamond",
          "amount": 1004
        },
        "gold": {
          "name": "Gold",
          "blockid": "gold",
          "amount": 10
        },
        "copper": {
          "name": "Copper",
          "blockid": "copper",
          "amount": 19
        },
        "lapiz": {
          "name": "Lapiz",
          "blockid": "lapiz",
          "amount": 12
        },
        "enchanted_golden_apple": {
          "name": "Enchanted Golden Apple",
          "id": "enchanted_golden_apple",
          "amount": 1,
          "price": 200
        },
        "emerald": {
          "name": "Emerald",
          "id": "emerald",
          "amount": 1,
          "price": 50
        }
      },
      "mining": {
        "startTime": null,
        "duration": 100000
      }
    }
  }
}